{"cameraMode":{"drawMode":0,"name":"Shaded","section":"Shading Mode"},"sceneLighting":false,"audioPlay":false,"sceneViewState":{"m_AlwaysRefresh":false,"showFog":false,"showSkybox":false,"showFlares":false,"showImageEffects":false,"showParticleSystems":false,"showVisualEffectGraphs":true,"m_FxEnabled":true},"in2DMode":false,"pivot":{"x":0.0000019073486328125,"y":8.672035217285157,"z":-0.42366600036621096},"rotation":{"x":-0.15805886685848237,"y":0.8170767426490784,"z":-0.26517826318740847,"w":-0.4870811998844147},"size":14.959511756896973,"orthographic":false}